{
  "project_info": {
    "project_number": "323642952966",
    "firebase_url": "https://e-campus-79657.firebaseio.com",
    "project_id": "e-campus-79657",
    "storage_bucket": "e-campus-79657.appspot.com"
  },
  "client": [
    {
      "client_info": {
        "mobilesdk_app_id": "1:323642952966:android:e76427bd42982d63",
        "android_client_info": {
          "package_name": "com.example.saurabh.e_campus"
        }
      },
      "oauth_client": [
        {
          "client_id": "323642952966-4i9kst5f0501tml7g0o9g634493cs4g3.apps.googleusercontent.com",
          "client_type": 1,
          "android_info": {
            "package_name": "com.example.saurabh.e_campus",
            "certificate_hash": "2dd7582d7eb07012ba176c8192cdb58fe506426e"
          }
        },
        {
          "client_id": "323642952966-46t6v66e8ln9guu3bps4rmictfisu8ts.apps.googleusercontent.com",
          "client_type": 3
        }
      ],
      "api_key": [
        {
          "current_key": "AIzaSyAnIDj4ioTVcp1F5lIcBkLhirbdRIPhuWw"
        }
      ],
      "services": {
        "analytics_service": {
          "status": 1
        },
        "appinvite_service": {
          "status": 2,
          "other_platform_oauth_client": [
            {
              "client_id": "323642952966-46t6v66e8ln9guu3bps4rmictfisu8ts.apps.googleusercontent.com",
              "client_type": 3
            }
          ]
        },
        "ads_service": {
          "status": 2
        }
      }
    }
  ],
  "configuration_version": "1"
}